{"cameraMode":{"drawMode":0,"name":"Shaded","section":"Shading Mode"},"sceneLighting":true,"audioPlay":false,"sceneViewState":{"m_AlwaysRefresh":false,"showFog":true,"showSkybox":true,"showFlares":true,"showImageEffects":true,"showParticleSystems":true,"showVisualEffectGraphs":true,"m_FxEnabled":true},"in2DMode":false,"pivot":{"x":0.12941260635852815,"y":-4.531475067138672,"z":-0.1901179850101471},"rotation":{"x":-0.22004084289073945,"y":0.7266848087310791,"z":-0.27005520462989809,"w":-0.5921015739440918},"size":7.543659210205078,"orthographic":false}